GDP in 2021($ billion),Financial commitments($ billion),Humanitarian commitments($ billion),Military commitments($ billion),Total bilateral commitments($ billion),Share in EU commitments($ billion),Specific weapons and equipment($ billion),Financial commitments with military purpose($ billion),Total bilateral commitments of short term($ billion)
0.009980447736570856,2.2062616957671295e-05,0.0085149326145394,0.00045210272505914653,0.0005683703617617933,0.0,0.08586014747785242,0.026569173886946077,0.050251334172946194
0.18210243327141257,0.018229993327330087,1.0,0.4304354633291312,0.29022405357648934,1.0,0.0030919532396774135,0.0,0.0018996283762697781
0.01635092553442974,0.001658119345164515,0.08006942405078926,0.1943418064094151,0.11039949529863087,0.10048460657779618,0.02057809073169047,0.0,0.009391865818720287
0.019950917046292465,0.04395171831592884,0.11475043605957805,0.08667276138895125,0.09422200608918113,0.0,0.0693828034607215,0.0,0.06145403948790084
0.08459937632883179,0.05910655119299973,0.12493098324443487,0.0644494816904692,0.09723934021033304,0.0,0.0014419957431744002,0.0965265325206803,0.00392170933702269
0.7604478573514987,0.0,0.0006997643545814698,0.0,1.345039329265354e-06,0.0,0.0,0.0,0.0009292804391287435
0.21133031354713952,0.07370253311768551,0.6737490563786024,0.0014992142573436718,0.09820258339286153,0.0,0.008572050248674598,0.0045370716516998245,0.006014161096793637
0.07698573484232221,0.0084362357876739,0.08333719559362054,7.727908543008617e-05,0.011405061371356206,0.0,6.93828034607215e-05,0.000868116192457032,0.0017916585087340206
0.011448483313271748,0.0,0.04002979605001485,9.593399761686842e-05,0.0015612861466750556,0.07311858606412228,0.015546373495432331,0.0,0.009785097832333698
